Esau,esau,Image of esau,esau.png,https://imagedelivery.net/CSGzrEc723GAS-rv6GanQw/fe1efab1-ce32-4aad-0083-c07010cffd00/public
Rebekah,rebekah,Image of rebekah,rebekah.png,https://imagedelivery.net/CSGzrEc723GAS-rv6GanQw/74b96368-ad3e-48ad-1048-4cbf28e88d00/public
Abel,abel,Image of abel,abel.png,https://imagedelivery.net/CSGzrEc723GAS-rv6GanQw/a52a00be-222c-472a-89d2-cdae4c864f00/public
Shem,shem,Image of shem,shem.png,https://imagedelivery.net/CSGzrEc723GAS-rv6GanQw/2df96b48-40db-431c-e5d3-3bc37d7d2500/public
Lot's daughter,lot_s_daughter,Image of lot_s_daughter,lot_s_daughter.png,https://imagedelivery.net/CSGzrEc723GAS-rv6GanQw/8e7302e2-912c-4fa2-6140-0171ea334f00/public
Benjamin,benjamin,Image of benjamin,benjamin.png,https://imagedelivery.net/CSGzrEc723GAS-rv6GanQw/1edebc37-90e2-4893-c57b-092f08bb3700/public
Ishmael,,,,
Tamar,tamar,Image of tamar,tamar.png,https://imagedelivery.net/CSGzrEc723GAS-rv6GanQw/b1b48ad5-5b0f-4667-dd7c-d96d8b351600/public
Potiphar,potiphar,Image of potiphar,potiphar.png,https://imagedelivery.net/CSGzrEc723GAS-rv6GanQw/02d23676-58c3-40a4-6dd8-1869d4caec00/public
Abraham,abraham,Image of abraham,abraham.png,https://imagedelivery.net/CSGzrEc723GAS-rv6GanQw/ca5ec65c-3555-4e80-c53e-7d1137c74100/public
Isaac,isaac,Image of isaac,isaac.png,https://imagedelivery.net/CSGzrEc723GAS-rv6GanQw/66eb3832-47df-45dc-3c09-b20d70c81800/public
Noah,noah,Image of noah,noah.png,https://imagedelivery.net/CSGzrEc723GAS-rv6GanQw/a367ee79-d681-4ed7-aafa-078794b4e200/public
Sarah,sarah,Image of sarah,sarah.png,https://imagedelivery.net/CSGzrEc723GAS-rv6GanQw/d3c65a91-b50e-4f62-2c64-945cf17c4d00/public
Simeon,simeon,Image of simeon,simeon.png,https://imagedelivery.net/CSGzrEc723GAS-rv6GanQw/21aa0990-3582-4fc4-840f-8a891d0ca100/public
Bilhah,bilhah,Image of bilhah,bilhah.png,https://imagedelivery.net/CSGzrEc723GAS-rv6GanQw/5a7b055c-1e1f-4408-14b8-7a7045ce8d00/public
Laban,laban,Image of laban,laban.png,https://imagedelivery.net/CSGzrEc723GAS-rv6GanQw/5076bcf6-f0ae-4d5b-83fd-9fa4b1536200/public
Leah,leah,Image of leah,leah.png,https://imagedelivery.net/CSGzrEc723GAS-rv6GanQw/31cab3a8-e9d2-4b39-4996-e22d2bec3400/public
Jacob,jacob,Image of jacob,jacob.png,https://imagedelivery.net/CSGzrEc723GAS-rv6GanQw/1c6d74ec-dfb9-4942-df69-fb50a55bbe00/public
Rachel,rachel,Image of rachel,rachel.png,https://imagedelivery.net/CSGzrEc723GAS-rv6GanQw/0b74401f-890f-4f9b-80d4-14a841777200/public
Canaan,canaan,Image of canaan,canaan.png,https://imagedelivery.net/CSGzrEc723GAS-rv6GanQw/d8eb5343-d50a-4fd5-fb5f-6b88916ac900/public
Zilpah,zilpah,Image of zilpah,zilpah.png,https://imagedelivery.net/CSGzrEc723GAS-rv6GanQw/c0582ee8-aad8-4f07-d44c-bd54030e2b00/public
Dinah,dinah,Image of dinah,dinah.png,https://imagedelivery.net/CSGzrEc723GAS-rv6GanQw/c41d2543-05be-4a74-55d2-c77f40038200/public
Abimelech,abimelech,Image of abimelech,abimelech.png,https://imagedelivery.net/CSGzrEc723GAS-rv6GanQw/7e528e94-05e6-4c16-72b1-83ab6183c100/public
Adam,adam,Image of adam,adam.png,https://imagedelivery.net/CSGzrEc723GAS-rv6GanQw/15e78f83-d895-499a-6a93-3081b86c9f00/public
Levi,,,,
Ephraim,ephraim,Image of ephraim,ephraim.png,https://imagedelivery.net/CSGzrEc723GAS-rv6GanQw/aafebd03-60a8-4a81-2f02-96d2bc3f3f00/public
Eve,,,,
Ham,ham,Image of ham,ham.png,https://imagedelivery.net/CSGzrEc723GAS-rv6GanQw/03565fed-9aed-4f81-ccb2-53b377fa2200/public
Lot,lot,Image of lot,lot.png,https://imagedelivery.net/CSGzrEc723GAS-rv6GanQw/c2969f63-c000-4d33-4e2f-e21b59ea8800/public
Jethro,jethro,Image of jethro,jethro.png,https://imagedelivery.net/CSGzrEc723GAS-rv6GanQw/96ee8e91-5aae-47a4-d2d9-65a69d781a00/public
Pharaoh,pharaoh,Image of pharaoh,pharaoh.png,https://imagedelivery.net/CSGzrEc723GAS-rv6GanQw/a2035048-2808-4cb2-9584-e467a1405e00/public
Zipporah,,,,
Aaron,aaron,Image of aaron,aaron.png,https://imagedelivery.net/CSGzrEc723GAS-rv6GanQw/6be8f3b0-15ca-49d4-80e9-69d04c4ce500/public
Joshua,joshua,Image of joshua,joshua.png,https://imagedelivery.net/CSGzrEc723GAS-rv6GanQw/f4de3ad2-f88e-4529-4b28-69cd79ea5b00/public
Eleazar,eleazar,Image of eleazar,eleazar.png,https://imagedelivery.net/CSGzrEc723GAS-rv6GanQw/451aa0f6-c7b8-46f3-5d8d-37c5f05eac00/public
Abihu,abihu,Image of abihu,abihu.png,https://imagedelivery.net/CSGzrEc723GAS-rv6GanQw/0507639d-6dca-4fdc-3759-98a7a77aaa00/public
Nadab,nadab,Image of nadab,nadab.png,https://imagedelivery.net/CSGzrEc723GAS-rv6GanQw/beafb6ea-04d2-48b5-f63c-7036decb3600/public
Balaam,balaam,Image of balaam,balaam.png,https://imagedelivery.net/CSGzrEc723GAS-rv6GanQw/cba02d06-c461-4601-94ae-ee74ba9af900/public
Korah,korah,Image of korah,korah.png,https://imagedelivery.net/CSGzrEc723GAS-rv6GanQw/e3d5f754-1329-4a24-aa62-24854c361400/public
Caleb,caleb,Image of caleb,caleb.png,https://imagedelivery.net/CSGzrEc723GAS-rv6GanQw/effdc221-43e2-42c9-3e7c-97407ac00d00/public
Og,og,Image of og,og.png,https://imagedelivery.net/CSGzrEc723GAS-rv6GanQw/3e67fbfb-57e0-4699-1e3e-65b386d3e000/public
Balak,balak,Image of balak,balak.png,https://imagedelivery.net/CSGzrEc723GAS-rv6GanQw/89948fa0-be8e-49f0-337d-58bc74aade00/public
Dathan,dathan,Image of dathan,dathan.png,https://imagedelivery.net/CSGzrEc723GAS-rv6GanQw/87c1a378-ab91-4ad9-535d-eda04302a900/public
On,on,Image of on,on.png,https://imagedelivery.net/CSGzrEc723GAS-rv6GanQw/7584c34a-6e12-43d0-43c5-ef04f6b22400/public
Abiram,abiram,Image of abiram,abiram.png,https://imagedelivery.net/CSGzrEc723GAS-rv6GanQw/de730dc4-23c6-468c-dd9c-28099f360300/public
Othniel,othniel,Image of othniel,othniel.png,https://imagedelivery.net/CSGzrEc723GAS-rv6GanQw/c7e0924d-d96b-4522-f11f-5b15b9a0e500/public
Jephthah,jephthah,Image of jephthah,jephthah.png,https://imagedelivery.net/CSGzrEc723GAS-rv6GanQw/1df93a2a-4a84-437c-ea54-648ddf404000/public
Elon,elon,Image of elon,elon.png,https://imagedelivery.net/CSGzrEc723GAS-rv6GanQw/67b12013-c97e-450e-097d-ad474553fc00/public
Samson,samson,Image of samson,samson.png,https://imagedelivery.net/CSGzrEc723GAS-rv6GanQw/a705a123-73a5-4370-813c-9709d5fee200/public
Barak,barak,Image of barak,barak.png,https://imagedelivery.net/CSGzrEc723GAS-rv6GanQw/27a4d4a3-5fcd-457d-3444-470327481e00/public
Orpah,orpah,Image of orpah,orpah.png,https://imagedelivery.net/CSGzrEc723GAS-rv6GanQw/dd64e366-345d-4a0a-a97b-35cfd60b1000/public
Chilion,,,,
Naomi,naomi,Image of naomi,naomi.png,https://imagedelivery.net/CSGzrEc723GAS-rv6GanQw/fc09e12d-480d-4b50-06ad-bcf009caed00/public
Mahlon,mahlon,Image of mahlon,mahlon.png,https://imagedelivery.net/CSGzrEc723GAS-rv6GanQw/2c91e4a1-5d8a-4568-1036-427901d70c00/public
Boaz,boaz,Image of boaz,boaz.png,https://imagedelivery.net/CSGzrEc723GAS-rv6GanQw/1e0c87c0-0818-4136-d763-8c367ccbb800/public
Ruth,ruth,Image of ruth,ruth.png,https://imagedelivery.net/CSGzrEc723GAS-rv6GanQw/34a16638-8c88-401d-4aaf-63d6f14c9100/public
Obed,obed,Image of obed,obed.png,https://imagedelivery.net/CSGzrEc723GAS-rv6GanQw/55827ba6-caf0-48f6-002d-1de607201200/public
Samuel,samuel,Image of samuel,samuel.png,https://imagedelivery.net/CSGzrEc723GAS-rv6GanQw/9f7bd779-aa3f-4bce-02cf-26eca2815900/public
Jonathan,,,,
Michal,michal,Image of michal,michal.png,https://imagedelivery.net/CSGzrEc723GAS-rv6GanQw/8234efef-7ac3-4735-171d-9bb042e36700/public
David,david,Image of david,david.png,https://imagedelivery.net/CSGzrEc723GAS-rv6GanQw/c45de1b3-c5c0-40ae-bd2a-62ce9b180800/public
Ishbosheth,ishbosheth,Image of ishbosheth,ishbosheth.png,https://imagedelivery.net/CSGzrEc723GAS-rv6GanQw/a3cb75d5-76c7-49ec-4f14-524271b8a600/public
Abigail,abigail,Image of abigail,abigail.png,https://imagedelivery.net/CSGzrEc723GAS-rv6GanQw/0d27e009-6f16-408b-f2a1-3de60dc65800/public
Nathan,nathan,Image of nathan,nathan.png,https://imagedelivery.net/CSGzrEc723GAS-rv6GanQw/c5610ccf-5183-4d66-4510-aa8b23b07400/public
Shimei,shimei,Image of shimei,shimei.png,https://imagedelivery.net/CSGzrEc723GAS-rv6GanQw/46ee680a-24c7-4929-9efd-ad21962ae600/public
Adonijah,adonijah,Image of adonijah,adonijah.png,https://imagedelivery.net/CSGzrEc723GAS-rv6GanQw/7c47e66f-9e4d-4faf-911a-e5f8505f4f00/public
Benaiah,benaiah,Image of benaiah,benaiah.png,https://imagedelivery.net/CSGzrEc723GAS-rv6GanQw/173eb5ba-b114-4444-d653-583e8638cf00/public
Eliam,eliam,Image of eliam,eliam.png,https://imagedelivery.net/CSGzrEc723GAS-rv6GanQw/47d5df6e-33db-491c-a426-ea43e9af3600/public
Abner,abner,Image of abner,abner.png,https://imagedelivery.net/CSGzrEc723GAS-rv6GanQw/1270b658-fa7e-4968-ef31-c651b5ad4f00/public
Zadok,,,,
Ahinoam,ahinoam,Image of ahinoam,ahinoam.png,https://imagedelivery.net/CSGzrEc723GAS-rv6GanQw/cef0ad9c-ce3d-4c05-603f-fdef2928e400/public
Amnon,amnon,Image of amnon,amnon.png,https://imagedelivery.net/CSGzrEc723GAS-rv6GanQw/553bd54f-8c88-46bb-f031-06c17363ce00/public
Mephibosheth,mephibosheth,Image of mephibosheth,mephibosheth.png,https://imagedelivery.net/CSGzrEc723GAS-rv6GanQw/75497d12-245b-4447-25b4-52af22666400/public
Solomon,solomon,Image of solomon,solomon.png,https://imagedelivery.net/CSGzrEc723GAS-rv6GanQw/54d6d568-021b-4352-f2d2-6b342646cf00/public
Bathsheba,bathsheba,Image of bathsheba,bathsheba.png,https://imagedelivery.net/CSGzrEc723GAS-rv6GanQw/0e45d472-f829-4a81-d6dc-90f52e822e00/public
Ziba,ziba,Image of ziba,ziba.png,https://imagedelivery.net/CSGzrEc723GAS-rv6GanQw/ad7c864b-2442-443b-69f4-43dac78e3e00/public
Amasa,amasa,Image of amasa,amasa.png,https://imagedelivery.net/CSGzrEc723GAS-rv6GanQw/01b14ca8-d36b-4c27-cbe2-d1d15bb57400/public
Ahithophel,ahithophel,Image of ahithophel,ahithophel.png,https://imagedelivery.net/CSGzrEc723GAS-rv6GanQw/98e93140-fd93-4b12-6de4-e8b970c28e00/public
Merab,merab,Image of merab,merab.png,https://imagedelivery.net/CSGzrEc723GAS-rv6GanQw/a0790595-2d08-4117-0731-cae76d79d500/public
Gad,gad,Image of gad,gad.png,https://imagedelivery.net/CSGzrEc723GAS-rv6GanQw/6f5b4075-d4cb-4027-201d-aa30b6a82a00/public
Abishai,abishai,Image of abishai,abishai.png,https://imagedelivery.net/CSGzrEc723GAS-rv6GanQw/1acad54c-0fe7-4127-f2d6-1e29f9bfc500/public
Asa,asa,Image of asa,asa.png,https://imagedelivery.net/CSGzrEc723GAS-rv6GanQw/e23b3f0d-2e1f-4b04-fcb2-b81694c28e00/public
Hazael,hazael,Image of hazael,hazael.png,https://imagedelivery.net/CSGzrEc723GAS-rv6GanQw/08b50750-96ae-4414-1d6f-c04436379200/public
Obadiah,obadiah,Image of obadiah,obadiah.png,https://imagedelivery.net/CSGzrEc723GAS-rv6GanQw/37312e44-7c06-4556-d49f-394ad55b7800/public
Abijah,abijah,Image of abijah,abijah.png,https://imagedelivery.net/CSGzrEc723GAS-rv6GanQw/56f8af98-6ce6-48a0-0dfb-6ba371c2d700/public
Rehoboam,rehoboam,Image of rehoboam,rehoboam.png,https://imagedelivery.net/CSGzrEc723GAS-rv6GanQw/9050868e-f448-46b4-ebe6-c3427d653200/public
Ahab,ahab,Image of ahab,ahab.png,https://imagedelivery.net/CSGzrEc723GAS-rv6GanQw/12be0f31-1e80-47c3-e8cf-26d2f00c1200/public
Naaman,,,,
Jehu,jehu,Image of jehu,jehu.png,https://imagedelivery.net/CSGzrEc723GAS-rv6GanQw/844be907-78e5-4298-88d7-3a9edc80fb00/public
Micaiah,micaiah,Image of micaiah,micaiah.png,https://imagedelivery.net/CSGzrEc723GAS-rv6GanQw/61844aa7-ba4e-4e32-f600-1fa4808b2a00/public
Absalom,absalom,Image of absalom,absalom.png,https://imagedelivery.net/CSGzrEc723GAS-rv6GanQw/dfa17542-661a-4e9b-e0be-6c6342755e00/public
Zimri,zimri,Image of zimri,zimri.png,https://imagedelivery.net/CSGzrEc723GAS-rv6GanQw/edd925c2-89f3-4af4-6fcc-ca417a42ec00/public
Ben-Hadad,ben_hadad,Image of ben_hadad,ben_hadad.png,https://imagedelivery.net/CSGzrEc723GAS-rv6GanQw/1e7b35ed-96a8-4088-b256-43b7b8d15f00/public
Jezebel,jezebel,Image of jezebel,jezebel.png,https://imagedelivery.net/CSGzrEc723GAS-rv6GanQw/4b270de9-064a-407f-da10-83fd2b543100/public
Huldah,huldah,Image of huldah,huldah.png,https://imagedelivery.net/CSGzrEc723GAS-rv6GanQw/ea4d323e-fe33-485a-45c8-cf9ce94cfc00/public
Naaman's wife,naaman_s_wife,Image of naaman_s_wife,naaman_s_wife.png,https://imagedelivery.net/CSGzrEc723GAS-rv6GanQw/d162bdc0-a64c-44c7-089d-56ac0819f700/public
Elisha,elisha,Image of elisha,elisha.png,https://imagedelivery.net/CSGzrEc723GAS-rv6GanQw/8abc2020-26d7-4880-07c7-a74cf015d300/public
Athaliah,athaliah,Image of athaliah,athaliah.png,https://imagedelivery.net/CSGzrEc723GAS-rv6GanQw/ce4a22ff-bc07-4f57-9d63-a576eeefc400/public
Jehoiada,jehoiada,Image of jehoiada,jehoiada.png,https://imagedelivery.net/CSGzrEc723GAS-rv6GanQw/2b8939eb-0eb7-4318-7c0f-1d1caab6ca00/public
Ahaziah,ahaziah,Image of ahaziah,ahaziah.png,https://imagedelivery.net/CSGzrEc723GAS-rv6GanQw/bfa5ead9-c6e3-4c6b-2f2a-29515c9d9200/public
Shunammite woman,shunammite_woman,Image of shunammite_woman,shunammite_woman.png,https://imagedelivery.net/CSGzrEc723GAS-rv6GanQw/6cb7326a-8e84-4196-cfb8-edfff24ab500/public
Jehoram,jehoram,Image of jehoram,jehoram.png,https://imagedelivery.net/CSGzrEc723GAS-rv6GanQw/5f144c94-752e-47cc-c9d3-2a82f1f19d00/public
Elijah,elijah,Image of elijah,elijah.png,https://imagedelivery.net/CSGzrEc723GAS-rv6GanQw/c3413792-42f3-405b-e1cc-fe4432ff5000/public
Gehazi,gehazi,Image of gehazi,gehazi.png,https://imagedelivery.net/CSGzrEc723GAS-rv6GanQw/25cce75d-f8ad-4528-26fa-034473d76400/public
Joash,joash,Image of joash,joash.png,https://imagedelivery.net/CSGzrEc723GAS-rv6GanQw/258b12d9-73db-4acd-a5cb-3b63ce016b00/public
Jeduthun,jeduthun,Image of jeduthun,jeduthun.png,https://imagedelivery.net/CSGzrEc723GAS-rv6GanQw/1d4aaaa6-b4ba-4470-c082-3035858f2100/public
Jehoshaphat,jehoshaphat,Image of jehoshaphat,jehoshaphat.png,https://imagedelivery.net/CSGzrEc723GAS-rv6GanQw/7cf106ff-b780-423a-4a8b-b3cf917f7100/public
Jesse,jesse,Image of jesse,jesse.png,https://imagedelivery.net/CSGzrEc723GAS-rv6GanQw/7908323d-f5b2-40e2-7b31-0a4e0a3df600/public
Zebulun,zebulun,Image of zebulun,zebulun.png,https://imagedelivery.net/CSGzrEc723GAS-rv6GanQw/9c1b30fe-d031-4ed8-68b9-5fd60c2b6b00/public
Joab,joab,Image of joab,joab.png,https://imagedelivery.net/CSGzrEc723GAS-rv6GanQw/80f6cbe9-3cc0-4645-6475-b471722fe100/public
Eliphaz,eliphaz,Image of eliphaz,eliphaz.png,https://imagedelivery.net/CSGzrEc723GAS-rv6GanQw/4ee4c49a-76f8-4b6e-ab6d-4e4be61a6c00/public
Hushai,hushai,Image of hushai,hushai.png,https://imagedelivery.net/CSGzrEc723GAS-rv6GanQw/14e3997e-be3a-4421-de0f-53286186a900/public
Uzziah,uzziah,Image of uzziah,uzziah.png,https://imagedelivery.net/CSGzrEc723GAS-rv6GanQw/33e96138-00d1-4695-6592-c468a1299400/public
Abinadab,abinadab,Image of abinadab,abinadab.png,https://imagedelivery.net/CSGzrEc723GAS-rv6GanQw/3cc6b8fc-8423-41ea-8a86-1e9fb5f06b00/public
Bildad,bildad,Image of bildad,bildad.png,https://imagedelivery.net/CSGzrEc723GAS-rv6GanQw/5623cde3-d576-46cf-0180-2d15eeb0f800/public
Ethan,ethan,Image of ethan,ethan.png,https://imagedelivery.net/CSGzrEc723GAS-rv6GanQw/6978c59b-7af0-4f0c-1a9b-e42d0665dd00/public
Heman,heman,Image of heman,heman.png,https://imagedelivery.net/CSGzrEc723GAS-rv6GanQw/47a1e7ce-bab7-4bbf-e568-a43c5810de00/public
Hezekiah,hezekiah,Image of hezekiah,hezekiah.png,https://imagedelivery.net/CSGzrEc723GAS-rv6GanQw/ba66d84c-9360-4411-7931-e59e752bfe00/public
Eliab,eliab,Image of eliab,eliab.png,https://imagedelivery.net/CSGzrEc723GAS-rv6GanQw/81cd25ed-3dc9-43e0-6864-6cec79bf2700/public
Naphtali,naphtali,Image of naphtali,naphtali.png,https://imagedelivery.net/CSGzrEc723GAS-rv6GanQw/c24055b1-5139-4e68-0f4d-c389feef2500/public
Asahel,asahel,Image of asahel,asahel.png,https://imagedelivery.net/CSGzrEc723GAS-rv6GanQw/6e652cbd-64cc-4c9f-b6ca-9f0886396500/public
Josiah,josiah,Image of josiah,josiah.png,https://imagedelivery.net/CSGzrEc723GAS-rv6GanQw/04d21ba7-09cd-4613-6d73-237b6287f300/public
Huram,huram,Image of huram,huram.png,https://imagedelivery.net/CSGzrEc723GAS-rv6GanQw/f8136bc0-ffd8-427c-175d-bfe7d35ffe00/public
Jotham,jotham,Image of jotham,jotham.png,https://imagedelivery.net/CSGzrEc723GAS-rv6GanQw/6560075a-3474-479e-fb71-398103f57500/public
Jehoshabeath,jehoshabeath,Image of jehoshabeath,jehoshabeath.png,https://imagedelivery.net/CSGzrEc723GAS-rv6GanQw/5232d4f3-ae6c-4a2c-85db-3f9803b12000/public
Ezekiel,,,,
Jehoiakim,jehoiakim,Image of jehoiakim,jehoiakim.png,https://imagedelivery.net/CSGzrEc723GAS-rv6GanQw/17144ad5-d59a-45a1-9576-e2be37e53300/public
Ahaz,ahaz,Image of ahaz,ahaz.png,https://imagedelivery.net/CSGzrEc723GAS-rv6GanQw/07179cde-eca6-4c1f-c4c5-dc53bb6ea000/public
Zedekiah,zedekiah,Image of zedekiah,zedekiah.png,https://imagedelivery.net/CSGzrEc723GAS-rv6GanQw/21e783ff-5bf9-4eb0-a3d5-d0d0cf46e100/public
Haggai,haggai,Image of haggai,haggai.png,https://imagedelivery.net/CSGzrEc723GAS-rv6GanQw/0d522677-4751-48e7-bd65-e102dfab8500/public
Isaiah,isaiah,Image of isaiah,isaiah.png,https://imagedelivery.net/CSGzrEc723GAS-rv6GanQw/b3c9381d-b54a-4cdf-7d4d-c1aa9f662000/public
Amon,amon,Image of amon,amon.png,https://imagedelivery.net/CSGzrEc723GAS-rv6GanQw/4f922f4c-cfe4-4af7-f180-53e382387100/public
Nehemiah,nehemiah,Image of nehemiah,nehemiah.png,https://imagedelivery.net/CSGzrEc723GAS-rv6GanQw/78cf1673-807f-478b-14b7-8952597afe00/public
Esther,esther,Image of esther,esther.png,https://imagedelivery.net/CSGzrEc723GAS-rv6GanQw/a749cf0e-e9d1-4fca-58e8-a3e8d2ea6400/public
Daniel,daniel,Image of daniel,daniel.png,https://imagedelivery.net/CSGzrEc723GAS-rv6GanQw/1560808b-11fa-4b89-1ee2-a114d5b19800/public
Ezra,ezra,Image of ezra,ezra.png,https://imagedelivery.net/CSGzrEc723GAS-rv6GanQw/b3486f3a-fca7-4746-e70b-ca1eccdb2900/public
Zerubbabel,zerubbabel,Image of zerubbabel,zerubbabel.png,https://imagedelivery.net/CSGzrEc723GAS-rv6GanQw/639f130e-b2fb-4fab-5020-7170d29cc200/public
Jeshua,jeshua,Image of jeshua,jeshua.png,https://imagedelivery.net/CSGzrEc723GAS-rv6GanQw/03cb9757-61e7-4cbd-2213-481bf281de00/public
Geshem,geshem,Image of geshem,geshem.png,https://imagedelivery.net/CSGzrEc723GAS-rv6GanQw/e305ff10-4b7a-456e-7d57-3c80283a9900/public
Sanballat,sanballat,Image of sanballat,sanballat.png,https://imagedelivery.net/CSGzrEc723GAS-rv6GanQw/c581d917-8938-403e-aec7-bf6a804f4c00/public
Joiada,joiada,Image of joiada,joiada.png,https://imagedelivery.net/CSGzrEc723GAS-rv6GanQw/456330f2-aefe-4887-ae3d-4b2b618b2e00/public
Eliashib,eliashib,Image of eliashib,eliashib.png,https://imagedelivery.net/CSGzrEc723GAS-rv6GanQw/d74ab812-aafb-4f76-6326-166ad27ba600/public
Hanani,hanani,Image of hanani,hanani.png,https://imagedelivery.net/CSGzrEc723GAS-rv6GanQw/e7d5dc4e-bfca-489e-c072-614967d1f000/public
Tobiah,tobiah,Image of tobiah,tobiah.png,https://imagedelivery.net/CSGzrEc723GAS-rv6GanQw/2735a94b-cd4b-40b2-024f-41b3c1bfa400/public
Meshullam,meshullam,Image of meshullam,meshullam.png,https://imagedelivery.net/CSGzrEc723GAS-rv6GanQw/b2ab12ae-2cd5-4257-3a5c-558c6f448d00/public
Artaxerxes,artaxerxes,Image of artaxerxes,artaxerxes.png,https://imagedelivery.net/CSGzrEc723GAS-rv6GanQw/0cae295d-72ea-41eb-6e26-df3fbd5dd000/public
Haman,haman,Image of haman,haman.png,https://imagedelivery.net/CSGzrEc723GAS-rv6GanQw/6102ebbc-d54b-41be-4709-5d372846d100/public
Zeresh,,,,
Mordecai,mordecai,Image of mordecai,mordecai.png,https://imagedelivery.net/CSGzrEc723GAS-rv6GanQw/f608432d-c747-4017-42a8-65cdf3571200/public
Harbona,harbona,Image of harbona,harbona.png,https://imagedelivery.net/CSGzrEc723GAS-rv6GanQw/e4e0c2f4-d6e2-4128-237f-666d96046b00/public
Teresh,teresh,Image of teresh,teresh.png,https://imagedelivery.net/CSGzrEc723GAS-rv6GanQw/ce3a8937-ea84-48cf-55fa-ca217fd08900/public
Hathach,hathach,Image of hathach,hathach.png,https://imagedelivery.net/CSGzrEc723GAS-rv6GanQw/75e01b1f-17bf-42e5-a208-2d2952bc6a00/public
Vashti,vashti,Image of vashti,vashti.png,https://imagedelivery.net/CSGzrEc723GAS-rv6GanQw/b3f1747c-2f89-4dcf-9104-ae7bf95ccc00/public
God,god,Image of god,god.png,https://imagedelivery.net/CSGzrEc723GAS-rv6GanQw/e1f2345f-3128-48e6-1718-0c4cc09e6b00/public
Elihu,elihu,Image of elihu,elihu.png,https://imagedelivery.net/CSGzrEc723GAS-rv6GanQw/606682f8-8be3-41c3-7197-a5e4b6f83c00/public
Satan,satan,Image of satan,satan.png,https://imagedelivery.net/CSGzrEc723GAS-rv6GanQw/0a745b91-b714-44e8-9772-79ac1275e400/public
Job's wife,job_s_wife,Image of job_s_wife,job_s_wife.png,https://imagedelivery.net/CSGzrEc723GAS-rv6GanQw/e2b3827b-3d8a-4e10-7f06-63e2cbe44800/public
Job,,,,
Asaph,asaph,Image of asaph,asaph.png,https://imagedelivery.net/CSGzrEc723GAS-rv6GanQw/7be54061-6a44-457f-3d16-51cc23ffcd00/public
Lemuel,lemuel,Image of lemuel,lemuel.png,https://imagedelivery.net/CSGzrEc723GAS-rv6GanQw/03046f71-ec15-4fdd-a925-7ba27741af00/public
Agur,agur,Image of agur,agur.png,https://imagedelivery.net/CSGzrEc723GAS-rv6GanQw/82705aba-5aa6-42a4-d041-22131cc40d00/public
Qoheleth,qoheleth,Image of qoheleth,qoheleth.png,https://imagedelivery.net/CSGzrEc723GAS-rv6GanQw/c609edc8-0644-4a32-60fe-d49c8c201c00/public
Teacher,teacher,Image of teacher,teacher.png,https://imagedelivery.net/CSGzrEc723GAS-rv6GanQw/a39080b0-adfd-438b-cd6c-f541b2e86100/public
Jeroboam,jeroboam,Image of jeroboam,jeroboam.png,https://imagedelivery.net/CSGzrEc723GAS-rv6GanQw/7b160e59-ac5f-4b43-91bd-07eb2cc50600/public
Shepherd,shepherd,Image of shepherd,shepherd.png,https://imagedelivery.net/CSGzrEc723GAS-rv6GanQw/0b0401fc-771d-4451-aa38-e82302aa8900/public
Moab,moab,Image of moab,moab.png,https://imagedelivery.net/CSGzrEc723GAS-rv6GanQw/c0275596-3a0c-4b19-5431-50d8e1448800/public
Ebed-Melech,ebed_melech,Image of ebed_melech,ebed_melech.png,https://imagedelivery.net/CSGzrEc723GAS-rv6GanQw/06a84b3e-0bce-4795-002f-43462f6cd300/public
Shemaiah,shemaiah,Image of shemaiah,shemaiah.png,https://imagedelivery.net/CSGzrEc723GAS-rv6GanQw/f4c62ffd-abd7-4bb9-5d78-6bd2ab404200/public
Johanan,johanan,Image of johanan,johanan.png,https://imagedelivery.net/CSGzrEc723GAS-rv6GanQw/59b48168-f6ea-4ebf-8797-e3e641613c00/public
Hanamel,hanamel,Image of hanamel,hanamel.png,https://imagedelivery.net/CSGzrEc723GAS-rv6GanQw/7e6846d7-7693-45ff-189c-f8a1a904ef00/public
Ahikam,ahikam,Image of ahikam,ahikam.png,https://imagedelivery.net/CSGzrEc723GAS-rv6GanQw/cd93638d-c7c9-45de-416f-0939b25feb00/public
Baruch,baruch,Image of baruch,baruch.png,https://imagedelivery.net/CSGzrEc723GAS-rv6GanQw/12411525-a9cc-42b3-8dac-209344fd0800/public
Hananiah,hananiah,Image of hananiah,hananiah.png,https://imagedelivery.net/CSGzrEc723GAS-rv6GanQw/650b5828-d3b0-4649-efd4-46c98a666800/public
Shallum,shallum,Image of shallum,shallum.png,https://imagedelivery.net/CSGzrEc723GAS-rv6GanQw/63e501d8-9b0c-42b7-8fc5-6ed3e08e7c00/public
Nebuzaradan,nebuzaradan,Image of nebuzaradan,nebuzaradan.png,https://imagedelivery.net/CSGzrEc723GAS-rv6GanQw/c5a935cb-eb84-41ad-3efa-65185abd4400/public
Gedaliah,gedaliah,Image of gedaliah,gedaliah.png,https://imagedelivery.net/CSGzrEc723GAS-rv6GanQw/3e451c95-fa90-49d7-d354-41df05b94600/public
Pashhur,pashhur,Image of pashhur,pashhur.png,https://imagedelivery.net/CSGzrEc723GAS-rv6GanQw/785951ad-4e14-417e-0538-bd896874b400/public
Jehoiachin,jehoiachin,Image of jehoiachin,jehoiachin.png,https://imagedelivery.net/CSGzrEc723GAS-rv6GanQw/5f4e3cfe-b440-4234-808d-96e394563400/public
Nebuchadnezzar,nebuchadnezzar,Image of nebuchadnezzar,nebuchadnezzar.png,https://imagedelivery.net/CSGzrEc723GAS-rv6GanQw/881d7470-b741-4de5-b0d2-267b1f06ed00/public
Jeremiah,jeremiah,Image of jeremiah,jeremiah.png,https://imagedelivery.net/CSGzrEc723GAS-rv6GanQw/2ac4f442-f839-43ea-c7a0-d915dc132900/public
Magog,magog,Image of magog,magog.png,https://imagedelivery.net/CSGzrEc723GAS-rv6GanQw/bca28d6e-0c7b-4857-7c30-4bfd1d0a6e00/public
Dirge,dirge,Image of dirge,dirge.png,https://imagedelivery.net/CSGzrEc723GAS-rv6GanQw/40354e3e-f99e-4c80-7dcf-b50c55660b00/public
Watchman,watchman,Image of watchman,watchman.png,https://imagedelivery.net/CSGzrEc723GAS-rv6GanQw/7488a0b4-a262-4c41-c859-49ce8ac07300/public
Woe,woe,Image of woe,woe.png,https://imagedelivery.net/CSGzrEc723GAS-rv6GanQw/9ae18087-207c-43d3-4f11-9538446e4c00/public
Meshach,meshach,Image of meshach,meshach.png,https://imagedelivery.net/CSGzrEc723GAS-rv6GanQw/9b788aaa-9574-4b3f-589f-8da12194fd00/public
Shadrach,shadrach,Image of shadrach,shadrach.png,https://imagedelivery.net/CSGzrEc723GAS-rv6GanQw/2f981d91-a0f4-47c8-42d7-688855f10300/public
Belshazzar,belshazzar,Image of belshazzar,belshazzar.png,https://imagedelivery.net/CSGzrEc723GAS-rv6GanQw/c4108b19-414b-47f2-856d-ab9d588c7400/public
Michael,michael,Image of michael,michael.png,https://imagedelivery.net/CSGzrEc723GAS-rv6GanQw/48f3c0c6-2029-4a89-0852-dafab5bd2100/public
Jezreel,jezreel,Image of jezreel,jezreel.png,https://imagedelivery.net/CSGzrEc723GAS-rv6GanQw/9e0e4cab-c73b-453d-9268-26188ed69d00/public
Lo-Ammi,lo_ammi,Image of lo_ammi,lo_ammi.png,https://imagedelivery.net/CSGzrEc723GAS-rv6GanQw/80eab1e5-b54d-4865-9e43-4bbf378eca00/public
Amos,amos,Image of amos,amos.png,https://imagedelivery.net/CSGzrEc723GAS-rv6GanQw/ec11ebdc-5003-43bc-a415-8412f1c40b00/public
Hosea,hosea,Image of hosea,hosea.png,https://imagedelivery.net/CSGzrEc723GAS-rv6GanQw/4d70524a-9c12-47a3-7d21-19c07aa59700/public
Israelites,israelites,Image of israelites,israelites.png,https://imagedelivery.net/CSGzrEc723GAS-rv6GanQw/6c8ee92d-ddc1-40be-96d2-c4ad20d34a00/public
Edom,edom,Image of edom,edom.png,https://imagedelivery.net/CSGzrEc723GAS-rv6GanQw/217133c8-29b2-4356-3e5e-ac701afdf900/public
Judah,judah,Image of judah,judah.png,https://imagedelivery.net/CSGzrEc723GAS-rv6GanQw/3f0f304e-39d0-421d-d5e8-c426844db800/public
Sailors,sailors,Image of sailors,sailors.png,https://imagedelivery.net/CSGzrEc723GAS-rv6GanQw/f01dba9a-55de-4308-39d4-85b3d2398700/public
Nineveh,nineveh,Image of nineveh,nineveh.png,https://imagedelivery.net/CSGzrEc723GAS-rv6GanQw/273298c4-726d-47d4-9b10-6f8d0eb4ab00/public
Jonah,jonah,Image of jonah,jonah.png,https://imagedelivery.net/CSGzrEc723GAS-rv6GanQw/7f3fe9f7-298c-41b8-5b2d-c4c19fc99700/public
East Wind,east_wind,Image of east_wind,east_wind.png,https://imagedelivery.net/CSGzrEc723GAS-rv6GanQw/ebcd0af7-52b2-45b7-659a-c59f9039ef00/public
Big Fish,big_fish,Image of big_fish,big_fish.png,https://imagedelivery.net/CSGzrEc723GAS-rv6GanQw/39208c64-3f5b-4009-89cd-672bde07cf00/public
Tarshish,tarshish,Image of tarshish,tarshish.png,https://imagedelivery.net/CSGzrEc723GAS-rv6GanQw/6e5b35ff-b289-4636-8e60-cba2f8563b00/public
Captain,captain,Image of captain,captain.png,https://imagedelivery.net/CSGzrEc723GAS-rv6GanQw/850dfa88-ccbd-4e8d-3cfb-44644827e100/public
Worm,worm,Image of worm,worm.png,https://imagedelivery.net/CSGzrEc723GAS-rv6GanQw/cc7c19e2-d3c3-4213-085b-aa0768144500/public
Gourd,gourd,Image of gourd,gourd.png,https://imagedelivery.net/CSGzrEc723GAS-rv6GanQw/26008c0c-b374-44b3-5872-9aabf206d000/public
Bethlehem,bethlehem,Image of bethlehem,bethlehem.png,https://imagedelivery.net/CSGzrEc723GAS-rv6GanQw/bef3cdee-87a3-44cc-ff19-cd47246ffc00/public
People,people,Image of people,people.png,https://imagedelivery.net/CSGzrEc723GAS-rv6GanQw/d9cb8aa8-941f-4ce3-4cba-18427c11bb00/public
Valleys,valleys,Image of valleys,valleys.png,https://imagedelivery.net/CSGzrEc723GAS-rv6GanQw/c490e381-6f81-48d0-4d28-2b94abe3c200/public
Swords,swords,Image of swords,swords.png,https://imagedelivery.net/CSGzrEc723GAS-rv6GanQw/7547b66f-d9a9-494d-97b9-b7456d112600/public
Wisdom,wisdom,Image of wisdom,wisdom.png,https://imagedelivery.net/CSGzrEc723GAS-rv6GanQw/9e9c5d32-2048-40bd-4584-1da3e84e1e00/public
Jerusalem,jerusalem,Image of jerusalem,jerusalem.png,https://imagedelivery.net/CSGzrEc723GAS-rv6GanQw/abaccabd-bc57-411d-72cc-b034639dc700/public
Iron,iron,Image of iron,iron.png,https://imagedelivery.net/CSGzrEc723GAS-rv6GanQw/fd7bb2e8-e291-4e6b-dad5-37c5b6ac5b00/public
Moths,,,,
Wine,wine,Image of wine,wine.png,https://imagedelivery.net/CSGzrEc723GAS-rv6GanQw/40d51c0f-1117-46e3-d419-395559ad6a00/public
Prophet,,,,
Shadows,shadows,Image of shadows,shadows.png,https://imagedelivery.net/CSGzrEc723GAS-rv6GanQw/5fa82599-143b-4e77-84c2-df9e9f2e2200/public
Gospel,gospel,Image of gospel,gospel.png,https://imagedelivery.net/CSGzrEc723GAS-rv6GanQw/503e7142-640f-4aa3-33ec-0b959e77c200/public
Israel,israel,Image of israel,israel.png,https://imagedelivery.net/CSGzrEc723GAS-rv6GanQw/1ac726df-ba2e-4c21-c2ad-cdd8332fdf00/public
Saul,saul,Image of saul,saul.png,https://imagedelivery.net/CSGzrEc723GAS-rv6GanQw/c64e46b2-1df5-4919-197d-6ff7fbfc8900/public
Fig,fig,Image of fig,fig.png,https://imagedelivery.net/CSGzrEc723GAS-rv6GanQw/1627c13f-7564-497a-31a7-90f4b802db00/public
Micah,micah,Image of micah,micah.png,https://imagedelivery.net/CSGzrEc723GAS-rv6GanQw/683f62ab-7739-4956-bd48-8f8d9c006b00/public
Plowshares,plowshares,Image of plowshares,plowshares.png,https://imagedelivery.net/CSGzrEc723GAS-rv6GanQw/8bce09d3-7158-4933-725f-f7034bd3e400/public
Flock,flock,Image of flock,flock.png,https://imagedelivery.net/CSGzrEc723GAS-rv6GanQw/d9645937-97f5-4ae1-95d9-22e02b3e7000/public
Clay,clay,Image of clay,clay.png,https://imagedelivery.net/CSGzrEc723GAS-rv6GanQw/ae9fc295-0942-4c68-8b7e-b0bbe02c8b00/public
Carpenter,carpenter,Image of carpenter,carpenter.png,https://imagedelivery.net/CSGzrEc723GAS-rv6GanQw/5ca39c9b-852c-4d43-8218-2bab6ba00a00/public
Bread,bread,Image of bread,bread.png,https://imagedelivery.net/CSGzrEc723GAS-rv6GanQw/acd628c3-d689-4332-e562-e9a6e4066900/public
Farmer,farmer,Image of farmer,farmer.png,https://imagedelivery.net/CSGzrEc723GAS-rv6GanQw/6edd7bfe-8acb-4f9a-1575-beafa74ade00/public
Covenant,,,,
Assyria,assyria,Image of assyria,assyria.png,https://imagedelivery.net/CSGzrEc723GAS-rv6GanQw/fd11bf40-58ef-4b1a-908a-6a9ec2a64200/public
Olive,olive,Image of olive,olive.png,https://imagedelivery.net/CSGzrEc723GAS-rv6GanQw/efcf68e2-81b2-48c9-bccf-be94cc770100/public
Nazareth,nazareth,Image of nazareth,nazareth.png,https://imagedelivery.net/CSGzrEc723GAS-rv6GanQw/45471ed1-0e05-478a-7585-9c2f60ffc000/public
Foreigners,foreigners,Image of foreigners,foreigners.png,https://imagedelivery.net/CSGzrEc723GAS-rv6GanQw/b703d141-4419-41f2-76cf-5d89ccc44000/public
Zion,zion,Image of zion,zion.png,https://imagedelivery.net/CSGzrEc723GAS-rv6GanQw/7e65f3e9-d536-4609-84f9-1eb1fad03d00/public
Judgment,judgment,Image of judgment,judgment.png,https://imagedelivery.net/CSGzrEc723GAS-rv6GanQw/1d4e0e9f-dff3-4ff0-bb68-38e68091e700/public
Tekoa,,,,
Mercy,mercy,Image of mercy,mercy.png,https://imagedelivery.net/CSGzrEc723GAS-rv6GanQw/63bba745-19ff-4b82-f435-329861e99700/public
Habakkuk,habakkuk,Image of habakkuk,habakkuk.png,https://imagedelivery.net/CSGzrEc723GAS-rv6GanQw/fda1998b-7bc8-475f-fce9-cabbb9ad2500/public
Destruction,destruction,Image of destruction,destruction.png,https://imagedelivery.net/CSGzrEc723GAS-rv6GanQw/8bb2b875-5695-4d0c-e3b6-af3743de8d00/public
Zephaniah,,,,
Joel,joel,Image of joel,joel.png,https://imagedelivery.net/CSGzrEc723GAS-rv6GanQw/1523d24f-7312-48d3-6520-f519e518e000/public
Zechariah,zechariah,Image of zechariah,zechariah.png,https://imagedelivery.net/CSGzrEc723GAS-rv6GanQw/b85f35ed-64ae-4cda-54c0-087e756ad800/public
Nahum,nahum,Image of nahum,nahum.png,https://imagedelivery.net/CSGzrEc723GAS-rv6GanQw/0678dcd3-97eb-49b3-7273-f2783c654a00/public
James,james,Image of james,james.png,https://imagedelivery.net/CSGzrEc723GAS-rv6GanQw/1380e16e-ffb4-4f6d-7f3a-dc1d448f2800/public
Mary,mary,Image of mary,mary.png,https://imagedelivery.net/CSGzrEc723GAS-rv6GanQw/eb84a004-9781-4bae-0ba0-cb39154c9100/public
Thaddeus,thaddeus,Image of thaddeus,thaddeus.png,https://imagedelivery.net/CSGzrEc723GAS-rv6GanQw/97caabf7-56c6-48d6-fcbb-9d720ada0e00/public
Zebedee,,,,
Nicodemus,nicodemus,Image of nicodemus,nicodemus.png,https://imagedelivery.net/CSGzrEc723GAS-rv6GanQw/0faea9fe-b5ee-41f2-75a3-eecf1b529100/public
Nathanael,nathanael,Image of nathanael,nathanael.png,https://imagedelivery.net/CSGzrEc723GAS-rv6GanQw/847740d0-35c8-4d4c-1aab-f627a0999800/public
Elizabeth,,,,
Annas,annas,Image of annas,annas.png,https://imagedelivery.net/CSGzrEc723GAS-rv6GanQw/6d659808-3596-4732-c64e-59052e1fde00/public
Luke,luke,Image of luke,luke.png,https://imagedelivery.net/CSGzrEc723GAS-rv6GanQw/0651b81b-5728-4af5-507e-2760e0ac1600/public
Barabbas,,,,
Martha,martha,Image of martha,martha.png,https://imagedelivery.net/CSGzrEc723GAS-rv6GanQw/6744d92d-9caa-4c9e-50df-6b9e9e093500/public
Andrew,andrew,Image of andrew,andrew.png,https://imagedelivery.net/CSGzrEc723GAS-rv6GanQw/28e2b5e3-6c4f-49b6-d198-11d7e9aa8000/public
Judas,,,,
Peter,peter,Image of peter,peter.png,https://imagedelivery.net/CSGzrEc723GAS-rv6GanQw/3f8bb17d-9e20-43be-629f-b40ad0d4a800/public
Caiaphas,caiaphas,Image of caiaphas,caiaphas.png,https://imagedelivery.net/CSGzrEc723GAS-rv6GanQw/27c83a31-ab3a-4c75-677e-b60c73cf7e00/public
Salome,salome,Image of salome,salome.png,https://imagedelivery.net/CSGzrEc723GAS-rv6GanQw/35664946-daac-4174-f351-4181c1801900/public
Bartholomew,bartholomew,Image of bartholomew,bartholomew.png,https://imagedelivery.net/CSGzrEc723GAS-rv6GanQw/13139faa-c58a-492a-97f9-700696d6c100/public
Mary Magdalene,mary_magdalene,Image of mary_magdalene,mary_magdalene.png,https://imagedelivery.net/CSGzrEc723GAS-rv6GanQw/193a7561-32d3-4839-b078-3c9058576300/public
Matthew,matthew,Image of matthew,matthew.png,https://imagedelivery.net/CSGzrEc723GAS-rv6GanQw/e17377ea-bef9-4cb0-c9ee-809aca3a1600/public
John,john,Image of john,john.png,https://imagedelivery.net/CSGzrEc723GAS-rv6GanQw/e941f864-84bd-46ae-1a4e-449419b7d600/public
Herod,herod,Image of herod,herod.png,https://imagedelivery.net/CSGzrEc723GAS-rv6GanQw/3a25a9b6-c455-493b-2ad5-0b8a85e7b000/public
Mark,mark,Image of mark,mark.png,https://imagedelivery.net/CSGzrEc723GAS-rv6GanQw/2a1d49b2-6ae1-4898-1832-c7f85a8b5400/public
Lazarus,lazarus,Image of lazarus,lazarus.png,https://imagedelivery.net/CSGzrEc723GAS-rv6GanQw/9b861217-2a11-4991-b21a-a81a9b742900/public
Susanna,susanna,Image of susanna,susanna.png,https://imagedelivery.net/CSGzrEc723GAS-rv6GanQw/e5bcce55-50ef-4537-0300-4981d82f0500/public
Simon,simon,Image of simon,simon.png,https://imagedelivery.net/CSGzrEc723GAS-rv6GanQw/935f3f9b-e651-447e-1a39-90c615980000/public
Bartimaeus,bartimaeus,Image of bartimaeus,bartimaeus.png,https://imagedelivery.net/CSGzrEc723GAS-rv6GanQw/a2747086-33be-4f18-1ea9-e016fc13c800/public
Jesus,jesus,Image of jesus,jesus.png,https://imagedelivery.net/CSGzrEc723GAS-rv6GanQw/8cda0a6e-298e-4028-17d0-99a32aec2e00/public
Blind Man,blind_man,Image of blind_man,blind_man.png,https://imagedelivery.net/CSGzrEc723GAS-rv6GanQw/b760230b-38ce-44a1-84c2-f68f65e56900/public
Centurion,centurion,Image of centurion,centurion.png,https://imagedelivery.net/CSGzrEc723GAS-rv6GanQw/7f5e918c-d48d-423c-fa0d-2a973175eb00/public
Joanna,joanna,Image of joanna,joanna.png,https://imagedelivery.net/CSGzrEc723GAS-rv6GanQw/c2cb3ef1-3a8c-4a6e-4d4f-13bf1955fa00/public
Thomas,thomas,Image of thomas,thomas.png,https://imagedelivery.net/CSGzrEc723GAS-rv6GanQw/0c16dbe9-5965-4858-c602-ff8e93535100/public
Jairus,jairus,Image of jairus,jairus.png,https://imagedelivery.net/CSGzrEc723GAS-rv6GanQw/31029fe8-9611-4af7-0e4f-65bb97e4a000/public
Syro-Phoenician Woman,syro_phoenician_woman,Image of syro_phoenician_woman,syro_phoenician_woman.png,https://imagedelivery.net/CSGzrEc723GAS-rv6GanQw/f5786504-f322-418d-0a8b-3a9df199b600/public
Zacchaeus,zacchaeus,Image of zacchaeus,zacchaeus.png,https://imagedelivery.net/CSGzrEc723GAS-rv6GanQw/dca50f63-4aac-4fb3-1e3a-33d24e4b4a00/public
Pilate,pilate,Image of pilate,pilate.png,https://imagedelivery.net/CSGzrEc723GAS-rv6GanQw/21b50fe2-8cba-41c0-10bc-50ff0d7eb200/public
Anna,anna,Image of anna,anna.png,https://imagedelivery.net/CSGzrEc723GAS-rv6GanQw/ae7cbad0-87b8-4b7a-957d-90d1c6d5b400/public
Philip,philip,Image of philip,philip.png,https://imagedelivery.net/CSGzrEc723GAS-rv6GanQw/5b000fa9-abaa-4494-deb0-c0d599f8c700/public
Lydia,lydia,Image of lydia,lydia.png,https://imagedelivery.net/CSGzrEc723GAS-rv6GanQw/861d96d4-0ebb-403a-aca5-50c1235b3700/public
Silas,silas,Image of silas,silas.png,https://imagedelivery.net/CSGzrEc723GAS-rv6GanQw/8665d237-bf9a-4af6-ecc7-3fdeb23f6e00/public
Ananias,ananias,Image of ananias,ananias.png,https://imagedelivery.net/CSGzrEc723GAS-rv6GanQw/fc7997b2-7d6b-42a3-4f32-6cb8dbe5da00/public
Gamaliel,gamaliel,Image of gamaliel,gamaliel.png,https://imagedelivery.net/CSGzrEc723GAS-rv6GanQw/219aac87-94da-4c9c-1280-9a238cb88a00/public
Timothy,timothy,Image of timothy,timothy.png,https://imagedelivery.net/CSGzrEc723GAS-rv6GanQw/70faa5a5-9dba-45e9-de30-bd731654da00/public
Dorcas,dorcas,Image of dorcas,dorcas.png,https://imagedelivery.net/CSGzrEc723GAS-rv6GanQw/3c55b5db-3e26-465a-f358-dcd1c49dd700/public
Sapphira,sapphira,Image of sapphira,sapphira.png,https://imagedelivery.net/CSGzrEc723GAS-rv6GanQw/ae7558ea-627d-41a9-3ca9-ce68b957e200/public
Paul,paul,Image of paul,paul.png,https://imagedelivery.net/CSGzrEc723GAS-rv6GanQw/bf427de4-f1c4-4927-000a-ce87d6c12900/public
Titus,titus,Image of titus,titus.png,https://imagedelivery.net/CSGzrEc723GAS-rv6GanQw/6e937c0b-744e-4e61-ddcf-507016966300/public
Stephen,stephen,Image of stephen,stephen.png,https://imagedelivery.net/CSGzrEc723GAS-rv6GanQw/fa3a99e7-6beb-4823-b0c2-9c33112bec00/public
Cornelius,cornelius,Image of cornelius,cornelius.png,https://imagedelivery.net/CSGzrEc723GAS-rv6GanQw/b7b1821f-5497-4481-e91e-fb635405e500/public
Barnabas,barnabas,Image of barnabas,barnabas.png,https://imagedelivery.net/CSGzrEc723GAS-rv6GanQw/8fd136a0-6cd3-4795-578a-782917641900/public
Priscilla,priscilla,Image of priscilla,priscilla.png,https://imagedelivery.net/CSGzrEc723GAS-rv6GanQw/08c6fb76-0870-4c5d-c148-f2087c4f4600/public
Tertius,tertius,Image of tertius,tertius.png,https://imagedelivery.net/CSGzrEc723GAS-rv6GanQw/4984e5e9-fca2-44a1-a252-ba565ea85700/public
Sosthenes,sosthenes,Image of sosthenes,sosthenes.png,https://imagedelivery.net/CSGzrEc723GAS-rv6GanQw/2aaa2402-c174-406a-8dc4-fc0fb6d23700/public
Chloe's people,chloe_s_people,Image of chloe_s_people,chloe_s_people.png,https://imagedelivery.net/CSGzrEc723GAS-rv6GanQw/2f3c4753-de11-47bb-b13c-4f3596377a00/public
Apollos,apollos,Image of apollos,apollos.png,https://imagedelivery.net/CSGzrEc723GAS-rv6GanQw/0b860d54-20f5-410d-3972-24ea05654500/public
Crispus,crispus,Image of crispus,crispus.png,https://imagedelivery.net/CSGzrEc723GAS-rv6GanQw/6b7fef77-63db-48c5-94b9-8031a9783f00/public
Moses,moses,Image of moses,moses.png,https://imagedelivery.net/CSGzrEc723GAS-rv6GanQw/35527dff-c9b8-4157-5a1f-79a6587ef400/public
Demas,,,,
Onesimus,onesimus,Image of onesimus,onesimus.png,https://imagedelivery.net/CSGzrEc723GAS-rv6GanQw/a27d8a81-dfd2-4ce2-80f1-717217b6ce00/public
Tychicus,,,,
Epaphroditus,,,,
Epaphras,epaphras,Image of epaphras,epaphras.png,https://imagedelivery.net/CSGzrEc723GAS-rv6GanQw/eecbccdb-f108-46d0-3234-d7a864b10000/public
Alexander,alexander,Image of alexander,alexander.png,https://imagedelivery.net/CSGzrEc723GAS-rv6GanQw/c61234f6-1ac4-4baf-2b84-b5626fa8de00/public
Onesiphorus,onesiphorus,Image of onesiphorus,onesiphorus.png,https://imagedelivery.net/CSGzrEc723GAS-rv6GanQw/e2e6c561-7794-4850-7291-44a13991b700/public
Crescens,crescens,Image of crescens,crescens.png,https://imagedelivery.net/CSGzrEc723GAS-rv6GanQw/67af78fd-cd98-4407-b1df-00a55d72d600/public
Carpus,carpus,Image of carpus,carpus.png,https://imagedelivery.net/CSGzrEc723GAS-rv6GanQw/79f7fdea-60b8-459f-54b3-0f6dee66c200/public
Hermogenes,hermogenes,Image of hermogenes,hermogenes.png,https://imagedelivery.net/CSGzrEc723GAS-rv6GanQw/cc0a9714-1fdb-44cd-0753-8959383bb800/public
Hymenaeus,hymenaeus,Image of hymenaeus,hymenaeus.png,https://imagedelivery.net/CSGzrEc723GAS-rv6GanQw/1cc4ae4b-7f2c-46aa-2e8c-9364fdf72500/public
Archippus,archippus,Image of archippus,archippus.png,https://imagedelivery.net/CSGzrEc723GAS-rv6GanQw/b424a719-cd88-4f48-1a63-aa3cecefc400/public
Phoebe,phoebe,Image of phoebe,phoebe.png,https://imagedelivery.net/CSGzrEc723GAS-rv6GanQw/e30c38b8-6da8-4adb-e901-fa65e6bb1300/public
Miriam,miriam,Image of miriam,miriam.png,https://imagedelivery.net/CSGzrEc723GAS-rv6GanQw/0a03864c-b234-42e5-4b1d-ed1449b4cf00/public
Deborah,deborah,Image of deborah,deborah.png,https://imagedelivery.net/CSGzrEc723GAS-rv6GanQw/63cc5118-4677-4767-c2ee-45c807e76700/public
Cain,cain,Image of cain,cain.png,https://imagedelivery.net/CSGzrEc723GAS-rv6GanQw/a3d1b00d-2621-4918-081d-204cc3a57000/public
Joseph,joseph,Image of joseph,joseph.png,https://imagedelivery.net/CSGzrEc723GAS-rv6GanQw/5887afdc-8998-400b-7546-ff94cb94fc00/public
Silvanus,silvanus,Image of silvanus,silvanus.png,https://imagedelivery.net/CSGzrEc723GAS-rv6GanQw/8574acbc-892c-42d7-206a-221a0e9aa400/public
Delilah,delilah,Image of delilah,delilah.png,https://imagedelivery.net/CSGzrEc723GAS-rv6GanQw/80072ef6-4f4d-47eb-088a-0c8019473900/public
Gideon,gideon,Image of gideon,gideon.png,https://imagedelivery.net/CSGzrEc723GAS-rv6GanQw/f234dafd-6876-4b39-2bfc-65f88dcbab00/public
Enosh,enosh,Image of enosh,enosh.png,https://imagedelivery.net/CSGzrEc723GAS-rv6GanQw/f91f0484-0166-47fb-dbc3-5083eecca700/public
Reuben,reuben,Image of reuben,reuben.png,https://imagedelivery.net/CSGzrEc723GAS-rv6GanQw/85ba7b0c-fbc6-4fcb-6205-fa1c718fe100/public
Seth,seth,Image of seth,seth.png,https://imagedelivery.net/CSGzrEc723GAS-rv6GanQw/937b1bbb-66e0-412f-8240-992d6a1fe900/public
Rahab,rahab,Image of rahab,rahab.png,https://imagedelivery.net/CSGzrEc723GAS-rv6GanQw/78c6091c-fb43-4961-029e-ab940856a500/public
Cyrus,cyrus,Image of cyrus,cyrus.png,https://imagedelivery.net/CSGzrEc723GAS-rv6GanQw/7cd857e8-bfdf-4e94-2983-631f1de29900/public
Enoch,enoch,Image of enoch,enoch.png,https://imagedelivery.net/CSGzrEc723GAS-rv6GanQw/4924895d-086d-42be-1702-3066efe68300/public
Diotrephes,diotrephes,Image of diotrephes,diotrephes.png,https://imagedelivery.net/CSGzrEc723GAS-rv6GanQw/ec844afc-0158-414c-4275-5ccf8bfd7100/public
Dragon,dragon,Image of dragon,dragon.png,https://imagedelivery.net/CSGzrEc723GAS-rv6GanQw/91289cf2-4722-4e80-9ad7-7955cdb3c800/public
Two Witnesses,two_witnesses,Image of two_witnesses,two_witnesses.png,https://imagedelivery.net/CSGzrEc723GAS-rv6GanQw/6c64da06-6bc4-438c-9929-125ead86ae00/public
Smyrna,smyrna,Image of smyrna,smyrna.png,https://imagedelivery.net/CSGzrEc723GAS-rv6GanQw/80c94bdc-085f-4660-3a07-62577443c600/public
Black Horse,black_horse,Image of black_horse,black_horse.png,https://imagedelivery.net/CSGzrEc723GAS-rv6GanQw/c919ed87-33d2-417e-25cf-a14b31fba900/public
Philadelphia,philadelphia,Image of philadelphia,philadelphia.png,https://imagedelivery.net/CSGzrEc723GAS-rv6GanQw/4dd1d8dd-16a1-47ed-79bd-11c47eb37c00/public
Omega,omega,Image of omega,omega.png,https://imagedelivery.net/CSGzrEc723GAS-rv6GanQw/6cb9f11b-3319-467f-dbdb-94e92582ef00/public
Third Seal,third_seal,Image of third_seal,third_seal.png,https://imagedelivery.net/CSGzrEc723GAS-rv6GanQw/90193540-8a1a-4775-6bf7-d0c4c9174200/public
White Robes,white_robes,Image of white_robes,white_robes.png,https://imagedelivery.net/CSGzrEc723GAS-rv6GanQw/ca8a74ba-a87d-4275-44bd-b10e5110ae00/public
Lion,lion,Image of lion,lion.png,https://imagedelivery.net/CSGzrEc723GAS-rv6GanQw/05cb6949-18ee-42c2-e00b-9bc9d516b800/public
Book of Deeds,book_of_deeds,Image of book_of_deeds,book_of_deeds.png,https://imagedelivery.net/CSGzrEc723GAS-rv6GanQw/123219eb-d47c-4934-5d9b-a313d6638d00/public
Seven Stars,seven_stars,Image of seven_stars,seven_stars.png,https://imagedelivery.net/CSGzrEc723GAS-rv6GanQw/307ebe16-0c05-4784-efc9-6907ace23600/public
Gabriel,gabriel,Image of gabriel,gabriel.png,https://imagedelivery.net/CSGzrEc723GAS-rv6GanQw/908673a2-c2b2-4897-0973-7096b4104100/public
Beast,beast,Image of beast,beast.png,https://imagedelivery.net/CSGzrEc723GAS-rv6GanQw/2bfab0d3-b6c5-4c64-37a4-3fd5c4ce2c00/public
Babylon,babylon,Image of babylon,babylon.png,https://imagedelivery.net/CSGzrEc723GAS-rv6GanQw/a32f4fa6-7b1e-4d79-1601-6306394f6700/public
River of Life,river_of_life,Image of river_of_life,river_of_life.png,https://imagedelivery.net/CSGzrEc723GAS-rv6GanQw/63c7113b-3e3b-41c5-cb42-6adee0789200/public
Ruler of Kings,ruler_of_kings,Image of ruler_of_kings,ruler_of_kings.png,https://imagedelivery.net/CSGzrEc723GAS-rv6GanQw/dabef832-4a96-41b4-bb6e-903ab6483800/public
Beast from the Sea,beast_from_the_sea,Image of beast_from_the_sea,beast_from_the_sea.png,https://imagedelivery.net/CSGzrEc723GAS-rv6GanQw/2585b833-1add-42d2-8d55-efda9440d000/public
Ox,ox,Image of ox,ox.png,https://imagedelivery.net/CSGzrEc723GAS-rv6GanQw/6cf4ec46-67cc-469d-43ec-45ef1ff6e100/public
Lot's wife,lot_s_wife,Image of lot_s_wife,lot_s_wife.png,https://imagedelivery.net/CSGzrEc723GAS-rv6GanQw/4bbd78f0-10df-4901-bed9-d7f0de3d0200/public
Potiphar's wife,potiphar_s_wife,Image of potiphar_s_wife,potiphar_s_wife.png,https://imagedelivery.net/CSGzrEc723GAS-rv6GanQw/37c3ac3c-ed55-47f6-4e06-c725dc639b00/public
Methuselah,methuselah,Image of methuselah,methuselah.png,https://imagedelivery.net/CSGzrEc723GAS-rv6GanQw/8418bbe2-a980-4831-8d3c-82696e915c00/public
Hagar,hagar,Image of hagar,hagar.png,https://imagedelivery.net/CSGzrEc723GAS-rv6GanQw/c9d732a2-cfa7-4dcf-1fa1-dc5c679f4700/public
Hur,hur,Image of hur,hur.png,https://imagedelivery.net/CSGzrEc723GAS-rv6GanQw/ce958819-c353-45f2-c7a0-209b0fc40a00/public
Ithamar,ithamar,Image of ithamar,ithamar.png,https://imagedelivery.net/CSGzrEc723GAS-rv6GanQw/5bdd3878-0229-4118-9353-13bb7fb2f200/public
Phinehas,phinehas,Image of phinehas,phinehas.png,https://imagedelivery.net/CSGzrEc723GAS-rv6GanQw/dbf55830-0609-446b-6752-70dacc4c3700/public
Sihon,sihon,Image of sihon,sihon.png,https://imagedelivery.net/CSGzrEc723GAS-rv6GanQw/96ba33d8-1905-4cdb-35a6-651707e49800/public
Shamgar,shamgar,Image of shamgar,shamgar.png,https://imagedelivery.net/CSGzrEc723GAS-rv6GanQw/4a96264f-7b94-4e97-635a-16d247e81800/public
Ibzan,ibzan,Image of ibzan,ibzan.png,https://imagedelivery.net/CSGzrEc723GAS-rv6GanQw/622ac2ec-6486-4d8d-3ed3-8d85929a6000/public
Ehud,ehud,Image of ehud,ehud.png,https://imagedelivery.net/CSGzrEc723GAS-rv6GanQw/4af8b5af-8617-434c-3e30-57f351365300/public
Elimelech,elimelech,Image of elimelech,elimelech.png,https://imagedelivery.net/CSGzrEc723GAS-rv6GanQw/df919fe6-2875-401e-ae92-25c90a2e5800/public
Peninnah,peninnah,Image of peninnah,peninnah.png,https://imagedelivery.net/CSGzrEc723GAS-rv6GanQw/e6e45dbf-898c-497b-c442-1d6ebc6ee000/public
Uriah,uriah,Image of uriah,uriah.png,https://imagedelivery.net/CSGzrEc723GAS-rv6GanQw/7ae5f40c-92d8-4c1d-28ba-bfc022727900/public
Abiathar,abiathar,Image of abiathar,abiathar.png,https://imagedelivery.net/CSGzrEc723GAS-rv6GanQw/cd0d0373-bec6-4e6a-0963-59ae8357a500/public
Barzillai,barzillai,Image of barzillai,barzillai.png,https://imagedelivery.net/CSGzrEc723GAS-rv6GanQw/fb466ee7-f94d-45a0-55e3-9d9a2a54e400/public
Ittai,ittai,Image of ittai,ittai.png,https://imagedelivery.net/CSGzrEc723GAS-rv6GanQw/1200db9d-52d2-46da-93b6-67be0cb96d00/public
Hiram,hiram,Image of hiram,hiram.png,https://imagedelivery.net/CSGzrEc723GAS-rv6GanQw/47999fc0-5857-44ad-6d41-99f46c44c200/public
Naboth,naboth,Image of naboth,naboth.png,https://imagedelivery.net/CSGzrEc723GAS-rv6GanQw/aacc8a60-13c9-4ca4-d69d-1e65e78f8800/public
Ahijah,ahijah,Image of ahijah,ahijah.png,https://imagedelivery.net/CSGzrEc723GAS-rv6GanQw/fc32d86d-60b1-4627-331f-6ccd6cda5700/public
Omri,omri,Image of omri,omri.png,https://imagedelivery.net/CSGzrEc723GAS-rv6GanQw/ade73c4d-6c0a-463f-2909-0be21a6a2800/public
Shaphan,shaphan,Image of shaphan,shaphan.png,https://imagedelivery.net/CSGzrEc723GAS-rv6GanQw/39f991a4-358f-4a5f-152b-54c101b14d00/public
Widow of Zarephath,widow_of_zarephath,Image of widow_of_zarephath,widow_of_zarephath.png,https://imagedelivery.net/CSGzrEc723GAS-rv6GanQw/c8fd9490-13ad-40ea-e8fd-d27a06b62600/public
Jehosheba,jehosheba,Image of jehosheba,jehosheba.png,https://imagedelivery.net/CSGzrEc723GAS-rv6GanQw/17cf7da3-dcb7-4ee1-77c0-c06a7f76d200/public
Eliezer,eliezer,Image of eliezer,eliezer.png,https://imagedelivery.net/CSGzrEc723GAS-rv6GanQw/d352b4ec-0954-4cf7-997d-3fec21cd8b00/public
Asher,asher,Image of asher,asher.png,https://imagedelivery.net/CSGzrEc723GAS-rv6GanQw/d2f4466c-f52e-4181-ee38-7d7a9ca51600/public
Manasseh,manasseh,Image of manasseh,manasseh.png,https://imagedelivery.net/CSGzrEc723GAS-rv6GanQw/e661c626-7234-4168-7de1-b23180c7e200/public
Jehoahaz,jehoahaz,Image of jehoahaz,jehoahaz.png,https://imagedelivery.net/CSGzrEc723GAS-rv6GanQw/5135ce38-3109-46fa-094b-9637d823c000/public
Egypt,egypt,Image of egypt,egypt.png,https://imagedelivery.net/CSGzrEc723GAS-rv6GanQw/6818edf3-d6fb-4dd7-b517-a6c8ed569d00/public
King Zedekiah,king_zedekiah,Image of king_zedekiah,king_zedekiah.png,https://imagedelivery.net/CSGzrEc723GAS-rv6GanQw/1c05557d-3231-4a91-7c96-75fbceaad300/public
Cherub,cherub,Image of cherub,cherub.png,https://imagedelivery.net/CSGzrEc723GAS-rv6GanQw/52365d3d-22c1-428f-f927-c1b0fc22be00/public
Abednego,abednego,Image of abednego,abednego.png,https://imagedelivery.net/CSGzrEc723GAS-rv6GanQw/126eac64-0b8a-4a05-51be-cefb03285400/public
Gomer,gomer,Image of gomer,gomer.png,https://imagedelivery.net/CSGzrEc723GAS-rv6GanQw/62444e50-b6b5-44bf-8bab-f4d3ff76f900/public
Lo-Ruhamah,lo_ruhamah,Image of lo_ruhamah,lo_ruhamah.png,https://imagedelivery.net/CSGzrEc723GAS-rv6GanQw/b6dbf3f4-a5da-4720-72fb-f57ca78a2e00/public
Edomites,,,,
Whale,whale,Image of whale,whale.png,https://imagedelivery.net/CSGzrEc723GAS-rv6GanQw/2f9b1086-d726-4197-bf57-36f8f40c0c00/public
Sheep,sheep,Image of sheep,sheep.png,https://imagedelivery.net/CSGzrEc723GAS-rv6GanQw/11631cdc-c01a-4b53-6eb3-bc51433b7000/public
Hills,hills,Image of hills,hills.png,https://imagedelivery.net/CSGzrEc723GAS-rv6GanQw/a79ffdd2-eafc-45ca-117e-8071d4172200/public
Spears,spears,Image of spears,spears.png,https://imagedelivery.net/CSGzrEc723GAS-rv6GanQw/00d25010-f22b-462d-9e66-cca687d83100/public
Justice,justice,Image of justice,justice.png,https://imagedelivery.net/CSGzrEc723GAS-rv6GanQw/b55f2aac-050b-43ff-85dd-6be4dfdada00/public
Bethel,bethel,Image of bethel,bethel.png,https://imagedelivery.net/CSGzrEc723GAS-rv6GanQw/94f0d2c6-c69d-4b1f-acad-1a0cc2beaa00/public
Gold,gold,Image of gold,gold.png,https://imagedelivery.net/CSGzrEc723GAS-rv6GanQw/54a68307-7c88-4ffc-4147-878d50d3b600/public
Worms,worms,Image of worms,worms.png,https://imagedelivery.net/CSGzrEc723GAS-rv6GanQw/623ea07c-3af3-458c-f831-8eebd1b30900/public
King,king,Image of king,king.png,https://imagedelivery.net/CSGzrEc723GAS-rv6GanQw/dc837679-1265-43b0-3ad7-6659ef293100/public
Night,night,Image of night,night.png,https://imagedelivery.net/CSGzrEc723GAS-rv6GanQw/66b8d90d-d107-45cc-f1f9-4c883ce2d100/public
Commandment,commandment,Image of commandment,commandment.png,https://imagedelivery.net/CSGzrEc723GAS-rv6GanQw/7ec1e56f-5029-43bd-7523-282c90cd4800/public
Vine,vine,Image of vine,vine.png,https://imagedelivery.net/CSGzrEc723GAS-rv6GanQw/1380c7d1-c279-4eb7-0fa3-77af54f99c00/public
Pruning hooks,pruning_hooks,Image of pruning_hooks,pruning_hooks.png,https://imagedelivery.net/CSGzrEc723GAS-rv6GanQw/6ae89499-5fef-458f-7b90-a18ef17b6200/public
Remnant,remnant,Image of remnant,remnant.png,https://imagedelivery.net/CSGzrEc723GAS-rv6GanQw/5f5ebd4b-76b3-4a0a-a8f9-a5fff8911300/public
Stone,stone,Image of stone,stone.png,https://imagedelivery.net/CSGzrEc723GAS-rv6GanQw/771ba80b-5390-4e59-c681-9eb6cbf93c00/public
Bronze,bronze,Image of bronze,bronze.png,https://imagedelivery.net/CSGzrEc723GAS-rv6GanQw/a8221538-bf41-4a0e-20ae-8ce62f338a00/public
Bees,bees,Image of bees,bees.png,https://imagedelivery.net/CSGzrEc723GAS-rv6GanQw/a916c002-2a27-46ba-05eb-e9da3ea56200/public
Light,light,Image of light,light.png,https://imagedelivery.net/CSGzrEc723GAS-rv6GanQw/96d77de8-e1a6-4e2e-e179-1af52efaf200/public
Law,law,Image of law,law.png,https://imagedelivery.net/CSGzrEc723GAS-rv6GanQw/6e71255d-b9fd-4db6-5db4-5ae2dd4d4400/public
Jericho,jericho,Image of jericho,jericho.png,https://imagedelivery.net/CSGzrEc723GAS-rv6GanQw/48250750-fb60-4bcc-f1c8-e6e71062de00/public
Captives,captives,Image of captives,captives.png,https://imagedelivery.net/CSGzrEc723GAS-rv6GanQw/bbac1232-a4b1-4d13-96f1-0dcfb7624100/public
Fisherman,fisherman,Image of fisherman,fisherman.png,https://imagedelivery.net/CSGzrEc723GAS-rv6GanQw/bbe010a9-bfbe-4b41-a348-dfc2a4702d00/public
Hebron,hebron,Image of hebron,hebron.png,https://imagedelivery.net/CSGzrEc723GAS-rv6GanQw/95bcaf0d-0dbd-4a27-e43d-b765c0547c00/public
Prophecy,prophecy,Image of prophecy,prophecy.png,https://imagedelivery.net/CSGzrEc723GAS-rv6GanQw/15ef117c-b2e6-46b3-9eac-399efbb21b00/public
Gath,gath,Image of gath,gath.png,https://imagedelivery.net/CSGzrEc723GAS-rv6GanQw/e395cf72-5b54-4503-a948-7025a08e4000/public
Wrath,wrath,Image of wrath,wrath.png,https://imagedelivery.net/CSGzrEc723GAS-rv6GanQw/189f52c1-46df-4479-57c2-11fc468fd600/public
Doom,doom,Image of doom,doom.png,https://imagedelivery.net/CSGzrEc723GAS-rv6GanQw/cd03b8e3-f3f7-4722-06a6-6f2257136100/public
Elkosh,elkosh,Image of elkosh,elkosh.png,https://imagedelivery.net/CSGzrEc723GAS-rv6GanQw/69d73db9-ae35-49d0-3a64-1f66be41d000/public
John the Baptist,john_the_baptist,Image of john_the_baptist,john_the_baptist.png,https://imagedelivery.net/CSGzrEc723GAS-rv6GanQw/e178f24d-c2bb-4ad4-5d74-3e9207b12300/public
Judas Iscariot,judas_iscariot,Image of judas_iscariot,judas_iscariot.png,https://imagedelivery.net/CSGzrEc723GAS-rv6GanQw/eb927dff-311c-4129-b506-3ed2edad9600/public
Simon the Zealot,simon_the_zealot,Image of simon_the_zealot,simon_the_zealot.png,https://imagedelivery.net/CSGzrEc723GAS-rv6GanQw/7915b3ff-0188-4ee4-e3f7-bc7bface3f00/public
Simon Peter,simon_peter,Image of simon_peter,simon_peter.png,https://imagedelivery.net/CSGzrEc723GAS-rv6GanQw/4c0749ad-bcd6-4809-a0a4-9a498ba7a900/public
Quartus,quartus,Image of quartus,quartus.png,https://imagedelivery.net/CSGzrEc723GAS-rv6GanQw/b7e063ad-21e1-4e70-8b01-f952cdd60100/public
Phygelus,phygelus,Image of phygelus,phygelus.png,https://imagedelivery.net/CSGzrEc723GAS-rv6GanQw/b32079d5-9d18-4beb-94e4-dfbcdea79c00/public
Apphia,apphia,Image of apphia,apphia.png,https://imagedelivery.net/CSGzrEc723GAS-rv6GanQw/c3b2dfa6-2e3f-4439-4a55-f9bc416a3900/public
Keturah,keturah,Image of keturah,keturah.png,https://imagedelivery.net/CSGzrEc723GAS-rv6GanQw/6bf5520b-44d3-4f7b-40e4-791ebad5da00/public
Hannah,hannah,Image of hannah,hannah.png,https://imagedelivery.net/CSGzrEc723GAS-rv6GanQw/b22be8bb-6b52-4518-7f40-fa8135b88100/public
Joseph of Arimathea,joseph_of_arimathea,Image of joseph_of_arimathea,joseph_of_arimathea.png,https://imagedelivery.net/CSGzrEc723GAS-rv6GanQw/2756bc7f-473b-4078-2b4f-3725c9ccdb00/public
Demetrius,demetrius,Image of demetrius,demetrius.png,https://imagedelivery.net/CSGzrEc723GAS-rv6GanQw/7e1c30d9-248a-4f79-e3bc-1da974427e00/public
Lamb,lamb,Image of lamb,lamb.png,https://imagedelivery.net/CSGzrEc723GAS-rv6GanQw/7aef055a-306d-40e1-c961-16bd039a1f00/public
Twenty-Four Elders,twenty_four_elders,Image of twenty_four_elders,twenty_four_elders.png,https://imagedelivery.net/CSGzrEc723GAS-rv6GanQw/03443a95-5665-411b-532b-6b73134d9f00/public
Nicolaitans,nicolaitans,Image of nicolaitans,nicolaitans.png,https://imagedelivery.net/CSGzrEc723GAS-rv6GanQw/dad0fb7c-2562-4aab-2d45-e15614c79900/public
Pergamum,pergamum,Image of pergamum,pergamum.png,https://imagedelivery.net/CSGzrEc723GAS-rv6GanQw/c46ac6b2-588f-4f57-d019-5cb70bb54800/public
White Horse,white_horse,Image of white_horse,white_horse.png,https://imagedelivery.net/CSGzrEc723GAS-rv6GanQw/7f7b1fbd-2f86-4664-e69e-63cbc4d9ad00/public
Laodicea,,,,
Beginning,beginning,Image of beginning,beginning.png,https://imagedelivery.net/CSGzrEc723GAS-rv6GanQw/fcd7426b-5718-4227-c12d-7a68601e9a00/public
Trumpet,trumpet,Image of trumpet,trumpet.png,https://imagedelivery.net/CSGzrEc723GAS-rv6GanQw/1af71c5d-6098-4aa8-9298-9b5eea495500/public
Golden Bowls,golden_bowls,Image of golden_bowls,golden_bowls.png,https://imagedelivery.net/CSGzrEc723GAS-rv6GanQw/052b0b23-7c19-4909-520c-e27266fcba00/public
Eagle,eagle,Image of eagle,eagle.png,https://imagedelivery.net/CSGzrEc723GAS-rv6GanQw/682063bf-8a21-4883-0246-c710ff7e7200/public
Book of Remembrance,book_of_remembrance,Image of book_of_remembrance,book_of_remembrance.png,https://imagedelivery.net/CSGzrEc723GAS-rv6GanQw/e34c51a4-78a9-4886-877b-11a83fecb700/public
Seven Lampstands,seven_lampstands,Image of seven_lampstands,seven_lampstands.png,https://imagedelivery.net/CSGzrEc723GAS-rv6GanQw/d988460a-b8ac-4fa3-827c-1671be910e00/public
Firstborn of the Dead,firstborn_of_the_dead,Image of firstborn_of_the_dead,firstborn_of_the_dead.png,https://imagedelivery.net/CSGzrEc723GAS-rv6GanQw/935d7da5-550f-4101-d4ff-c84e32592c00/public
Four Living Creatures,four_living_creatures,Image of four_living_creatures,four_living_creatures.png,https://imagedelivery.net/CSGzrEc723GAS-rv6GanQw/e72dc93d-c6f3-4ad9-47fc-88dac534c400/public
Alpha,alpha,Image of alpha,alpha.png,https://imagedelivery.net/CSGzrEc723GAS-rv6GanQw/1776c73c-91cd-47b1-2297-fed6beae6700/public
Tree of Life,tree_of_life,Image of tree_of_life,tree_of_life.png,https://imagedelivery.net/CSGzrEc723GAS-rv6GanQw/224deb24-6c37-403c-0fdd-0643404b6200/public
Ephesus,ephesus,Image of ephesus,ephesus.png,https://imagedelivery.net/CSGzrEc723GAS-rv6GanQw/dd0cea6a-24df-467c-228e-62ddb46bd500/public
Book of Life,book_of_life,Image of book_of_life,book_of_life.png,https://imagedelivery.net/CSGzrEc723GAS-rv6GanQw/fdebc4f0-925c-4c90-ea46-85b39338e500/public
Japheth,japheth,Image of japheth,japheth.png,https://imagedelivery.net/CSGzrEc723GAS-rv6GanQw/dcd9a3a6-7ad3-4607-50f8-67ffcaf87b00/public
Lamech,lamech,Image of lamech,lamech.png,https://imagedelivery.net/CSGzrEc723GAS-rv6GanQw/b0470e6e-b679-4512-da58-58b68c4f3a00/public
Gershom,gershom,Image of gershom,gershom.png,https://imagedelivery.net/CSGzrEc723GAS-rv6GanQw/9ad2802d-4371-43ee-8169-620d7fb80600/public
Jair,jair,Image of jair,jair.png,https://imagedelivery.net/CSGzrEc723GAS-rv6GanQw/fdc00ffb-b644-47c5-c60b-9ad09b5dda00/public
Hophni,hophni,Image of hophni,hophni.png,https://imagedelivery.net/CSGzrEc723GAS-rv6GanQw/66700bd7-0a6e-4ace-e64e-aa0ab8f03200/public
Rizpah,rizpah,Image of rizpah,rizpah.png,https://imagedelivery.net/CSGzrEc723GAS-rv6GanQw/4918da95-150a-4e98-a0d7-49bc52cd3500/public
Baasha,baasha,Image of baasha,baasha.png,https://imagedelivery.net/CSGzrEc723GAS-rv6GanQw/859435e7-35d8-4acd-2e24-1d42c3ad3e00/public
Hilkiah,,,,
Shunammite's son,shunammite_s_son,Image of shunammite_s_son,shunammite_s_son.png,https://imagedelivery.net/CSGzrEc723GAS-rv6GanQw/1cb713a2-8eb1-44ac-bc3a-1868fa772e00/public
Joram,joram,Image of joram,joram.png,https://imagedelivery.net/CSGzrEc723GAS-rv6GanQw/69f0f082-b7fd-4d11-cf55-201dc9ada100/public
Jabez,jabez,Image of jabez,jabez.png,https://imagedelivery.net/CSGzrEc723GAS-rv6GanQw/7d9a3f10-ee38-42cc-9d2c-aaecf4c57800/public
Issachar,issachar,Image of issachar,issachar.png,https://imagedelivery.net/CSGzrEc723GAS-rv6GanQw/97527629-0a0b-4673-1912-cef07b7e0800/public
Shammah,shammah,Image of shammah,shammah.png,https://imagedelivery.net/CSGzrEc723GAS-rv6GanQw/cb882ead-cc12-406a-57c1-0274a1fa7f00/public
Bigthan,bigthan,Image of bigthan,bigthan.png,https://imagedelivery.net/CSGzrEc723GAS-rv6GanQw/725c4c68-6864-43f3-3846-ae142451d500/public
Ahasuerus,ahasuerus,Image of ahasuerus,ahasuerus.png,https://imagedelivery.net/CSGzrEc723GAS-rv6GanQw/ffca750f-9742-4fe2-d39c-3be227f30700/public
Jaazaniah,jaazaniah,Image of jaazaniah,jaazaniah.png,https://imagedelivery.net/CSGzrEc723GAS-rv6GanQw/9e2e5b68-401d-4335-4a41-c28daa2cf900/public
Elnathan,elnathan,Image of elnathan,elnathan.png,https://imagedelivery.net/CSGzrEc723GAS-rv6GanQw/0eb6194f-8b4f-433e-ea3a-0aa4e7dd6700/public
Seraph,seraph,Image of seraph,seraph.png,https://imagedelivery.net/CSGzrEc723GAS-rv6GanQw/bd71e6ca-da94-4a3d-7041-1f7b84b0e900/public
Gog,gog,Image of gog,gog.png,https://imagedelivery.net/CSGzrEc723GAS-rv6GanQw/3c74fc53-56e0-4f42-b3e0-7322023af900/public
Lament,lament,Image of lament,lament.png,https://imagedelivery.net/CSGzrEc723GAS-rv6GanQw/580d531e-cacd-43b7-c7cd-b3ae18e2c400/public
Mourning,mourning,Image of mourning,mourning.png,https://imagedelivery.net/CSGzrEc723GAS-rv6GanQw/a189c7e5-2479-4305-85a3-bc8a4a6c1b00/public
Darius,darius,Image of darius,darius.png,https://imagedelivery.net/CSGzrEc723GAS-rv6GanQw/dbfd8abf-4b49-46bf-230a-7e7981a89f00/public
Samaria,samaria,Image of samaria,samaria.png,https://imagedelivery.net/CSGzrEc723GAS-rv6GanQw/e86bb7d0-9f4f-4fd5-96f8-880aa7bfeb00/public
Fish,fish,Image of fish,fish.png,https://imagedelivery.net/CSGzrEc723GAS-rv6GanQw/05158bb0-c90d-4798-c192-b7de87feeb00/public
Rivers,rivers,Image of rivers,rivers.png,https://imagedelivery.net/CSGzrEc723GAS-rv6GanQw/f59ac9b5-0e5d-48ea-e6f8-26aa5508f000/public
Plows,plows,Image of plows,plows.png,https://imagedelivery.net/CSGzrEc723GAS-rv6GanQw/03297777-0d29-4ef9-2963-98b88e2fb800/public
Lions,lions,Image of lions,lions.png,https://imagedelivery.net/CSGzrEc723GAS-rv6GanQw/43349030-a1e1-43ca-35db-b021c3831a00/public
Water,water,Image of water,water.png,https://imagedelivery.net/CSGzrEc723GAS-rv6GanQw/7712555b-b52b-4bbd-636b-c520c54aa700/public
Darkness,darkness,Image of darkness,darkness.png,https://imagedelivery.net/CSGzrEc723GAS-rv6GanQw/9d6e645d-2211-47d1-a1d1-d50a69021f00/public
Oak,oak,Image of oak,oak.png,https://imagedelivery.net/CSGzrEc723GAS-rv6GanQw/ae9db666-1e28-4a14-65b7-959e0dd17e00/public
Malachi,malachi,Image of malachi,malachi.png,https://imagedelivery.net/CSGzrEc723GAS-rv6GanQw/6b4c6097-6ed9-4391-a704-f04b3a6d2a00/public
Exiles,exiles,Image of exiles,exiles.png,https://imagedelivery.net/CSGzrEc723GAS-rv6GanQw/bd71727d-c64b-435e-4fdf-d4bb001a2100/public
Locusts,locusts,Image of locusts,locusts.png,https://imagedelivery.net/CSGzrEc723GAS-rv6GanQw/0da0d9f8-81ab-43f1-57aa-4fd2fd88c800/public
Oil,oil,Image of oil,oil.png,https://imagedelivery.net/CSGzrEc723GAS-rv6GanQw/ab46b9bf-db4d-47cd-085e-9257522b0600/public
Dawn,dawn,Image of dawn,dawn.png,https://imagedelivery.net/CSGzrEc723GAS-rv6GanQw/4870c739-ee7a-4cb2-1de8-93c176541a00/public
Promise,promise,Image of promise,promise.png,https://imagedelivery.net/CSGzrEc723GAS-rv6GanQw/21f372e5-5d02-41e2-c0f4-44a49237af00/public
Cedar,cedar,Image of cedar,cedar.png,https://imagedelivery.net/CSGzrEc723GAS-rv6GanQw/94e50594-d334-4034-00e6-9daf9525df00/public
Silver,silver,Image of silver,silver.png,https://imagedelivery.net/CSGzrEc723GAS-rv6GanQw/c9b8df6e-2d86-4466-d762-cb4888cda700/public
Priest,priest,Image of priest,priest.png,https://imagedelivery.net/CSGzrEc723GAS-rv6GanQw/764d2f6b-07a8-45a1-d8b0-d4001d673d00/public
Parable,parable,Image of parable,parable.png,https://imagedelivery.net/CSGzrEc723GAS-rv6GanQw/fcb5bdb7-4999-4439-1658-68206b3b6100/public
Comfort,comfort,Image of comfort,comfort.png,https://imagedelivery.net/CSGzrEc723GAS-rv6GanQw/e5132137-2719-4f29-324e-35430d1fe600/public
Salvation,salvation,Image of salvation,salvation.png,https://imagedelivery.net/CSGzrEc723GAS-rv6GanQw/458cfcb7-d6cd-48d1-728a-ffab498ef100/public
Mary the mother of Jesus,mary_the_mother_of_jesus,Image of mary_the_mother_of_jesus,mary_the_mother_of_jesus.png,https://imagedelivery.net/CSGzrEc723GAS-rv6GanQw/8bcdc191-1154-4f50-ea6f-907f3711e500/public
Matthias,matthias,Image of matthias,matthias.png,https://imagedelivery.net/CSGzrEc723GAS-rv6GanQw/36604306-cda9-4f30-84fd-5eb2ddebb200/public
Apelles,apelles,Image of apelles,apelles.png,https://imagedelivery.net/CSGzrEc723GAS-rv6GanQw/52895380-52d8-4f5a-c152-248449b1c900/public
Cephas,cephas,Image of cephas,cephas.png,https://imagedelivery.net/CSGzrEc723GAS-rv6GanQw/da97b004-c759-4dad-390e-96fcd45a0200/public
Philemon,philemon,Image of philemon,philemon.png,https://imagedelivery.net/CSGzrEc723GAS-rv6GanQw/4d25b0e9-1b45-49dc-7aa6-ae0703d8ce00/public
Goliath,goliath,Image of goliath,goliath.png,https://imagedelivery.net/CSGzrEc723GAS-rv6GanQw/c6f15b46-c39c-4f80-cf83-eadc466c6100/public
Prochorus,prochorus,Image of prochorus,prochorus.png,https://imagedelivery.net/CSGzrEc723GAS-rv6GanQw/733e52be-cb3b-49bf-69e2-e1e8522c5b00/public
Nathaniel,nathaniel,Image of nathaniel,nathaniel.png,https://imagedelivery.net/CSGzrEc723GAS-rv6GanQw/6f628ac5-49e4-4a00-576d-9198305b5b00/public
Gaius,gaius,Image of gaius,gaius.png,https://imagedelivery.net/CSGzrEc723GAS-rv6GanQw/b9570524-d1f9-49c5-8574-617b14d31500/public
Beast from the Earth,beast_from_the_earth,Image of beast_from_the_earth,beast_from_the_earth.png,https://imagedelivery.net/CSGzrEc723GAS-rv6GanQw/df843db2-c526-43af-b29e-e57b58140a00/public
Seven Spirits,seven_spirits,Image of seven_spirits,seven_spirits.png,https://imagedelivery.net/CSGzrEc723GAS-rv6GanQw/755526cf-a4c8-4a63-1462-dabb141c5100/public
Golden Lampstands,golden_lampstands,Image of golden_lampstands,golden_lampstands.png,https://imagedelivery.net/CSGzrEc723GAS-rv6GanQw/967de3a7-8307-4d77-cab1-652eabcd8000/public
Sardis,sardis,Image of sardis,sardis.png,https://imagedelivery.net/CSGzrEc723GAS-rv6GanQw/d8e646b3-8480-4494-d39e-98a9c6846900/public
Second Seal,second_seal,Image of second_seal,second_seal.png,https://imagedelivery.net/CSGzrEc723GAS-rv6GanQw/85acb852-dcb6-4965-41f9-e233d5dc9900/public
Throne of God,throne_of_god,Image of throne_of_god,throne_of_god.png,https://imagedelivery.net/CSGzrEc723GAS-rv6GanQw/7e7462c3-bdd4-45c0-2c71-7ce7a7ec5100/public
Harlot,harlot,Image of harlot,harlot.png,https://imagedelivery.net/CSGzrEc723GAS-rv6GanQw/bb915b37-e3ed-441e-eecd-031405930600/public
Seven Seals,seven_seals,Image of seven_seals,seven_seals.png,https://imagedelivery.net/CSGzrEc723GAS-rv6GanQw/969aa101-31d6-4903-0da7-46ca074c6300/public
Incense,incense,Image of incense,incense.png,https://imagedelivery.net/CSGzrEc723GAS-rv6GanQw/5d9e017e-85f2-4f71-a4a1-80974412d400/public
Melchizedek,melchizedek,Image of melchizedek,melchizedek.png,https://imagedelivery.net/CSGzrEc723GAS-rv6GanQw/6759ad6d-6bcc-44f1-7954-110c5c765300/public
Shiphrah,shiphrah,Image of shiphrah,shiphrah.png,https://imagedelivery.net/CSGzrEc723GAS-rv6GanQw/1f7f5522-00a5-477a-3e23-328064521600/public
Tola,tola,Image of tola,tola.png,https://imagedelivery.net/CSGzrEc723GAS-rv6GanQw/0c15e6e0-185c-444b-4b42-c9d943fb9400/public
Abdon,abdon,Image of abdon,abdon.png,https://imagedelivery.net/CSGzrEc723GAS-rv6GanQw/5258a530-063d-4139-178d-85405ec8c000/public
Eli,eli,Image of eli,eli.png,https://imagedelivery.net/CSGzrEc723GAS-rv6GanQw/160c3e5e-badf-4e75-1c16-abf92ef02500/public
Dodo,dodo,Image of dodo,dodo.png,https://imagedelivery.net/CSGzrEc723GAS-rv6GanQw/ab2ebfe7-ac75-4e60-ef10-dc648e533700/public
Dodai,dodai,Image of dodai,dodai.png,https://imagedelivery.net/CSGzrEc723GAS-rv6GanQw/2f2655e4-b5f0-488d-0e99-954f000fa900/public
Tibni,,,,
Shulammite,,,,
Cush,cush,Image of cush,cush.png,https://imagedelivery.net/CSGzrEc723GAS-rv6GanQw/4d56eba1-8d17-414e-fbd5-01473edb9000/public
Angel,angel,Image of angel,angel.png,https://imagedelivery.net/CSGzrEc723GAS-rv6GanQw/d339f662-21e5-4472-71d6-327b3fc73000/public
Seer,seer,Image of seer,seer.png,https://imagedelivery.net/CSGzrEc723GAS-rv6GanQw/e8fef1f8-6776-41d3-a7d5-fb3b8f26d300/public
Leader,leader,Image of leader,leader.png,https://imagedelivery.net/CSGzrEc723GAS-rv6GanQw/4e2e7d38-b30a-485c-2bfb-cf5077bc5c00/public
Ammon,ammon,Image of ammon,ammon.png,https://imagedelivery.net/CSGzrEc723GAS-rv6GanQw/4c37d266-3028-45c5-1b79-785605509100/public
Assyrians,assyrians,Image of assyrians,assyrians.png,https://imagedelivery.net/CSGzrEc723GAS-rv6GanQw/d23fe48b-57f7-427e-2fad-aa56e09da000/public
Joppa,joppa,Image of joppa,joppa.png,https://imagedelivery.net/CSGzrEc723GAS-rv6GanQw/d3bf2aa6-a097-49e6-ef07-fa3d58031a00/public
Crew,crew,Image of crew,crew.png,https://imagedelivery.net/CSGzrEc723GAS-rv6GanQw/ae61f262-4884-4db4-129e-faf1b20a5100/public
Mountains,mountains,Image of mountains,mountains.png,https://imagedelivery.net/CSGzrEc723GAS-rv6GanQw/fb67a4a9-f1fa-4756-5cd0-e2988228b500/public
Shields,shields,Image of shields,shields.png,https://imagedelivery.net/CSGzrEc723GAS-rv6GanQw/b670f67e-d576-4118-16d2-6aabfc2f9c00/public
Humility,humility,Image of humility,humility.png,https://imagedelivery.net/CSGzrEc723GAS-rv6GanQw/8558e595-3825-49b1-6361-edcc8441b600/public
Judge,judge,Image of judge,judge.png,https://imagedelivery.net/CSGzrEc723GAS-rv6GanQw/9211a29d-2df6-4eb4-21ba-1ade88021b00/public
Capernaum,capernaum,Image of capernaum,capernaum.png,https://imagedelivery.net/CSGzrEc723GAS-rv6GanQw/e649d9f8-c959-44dc-ee3f-726b5440ce00/public
Honey,honey,Image of honey,honey.png,https://imagedelivery.net/CSGzrEc723GAS-rv6GanQw/97efc4b0-75b4-4938-5d34-7a0f56d0b200/public
Philistia,philistia,Image of philistia,philistia.png,https://imagedelivery.net/CSGzrEc723GAS-rv6GanQw/5ecf7d4f-f6c3-4bd5-7ba5-907d56d9af00/public
Vision,vision,Image of vision,vision.png,https://imagedelivery.net/CSGzrEc723GAS-rv6GanQw/0837a97d-a1a3-45fb-a284-b5f8076d5600/public
Consolation,consolation,Image of consolation,consolation.png,https://imagedelivery.net/CSGzrEc723GAS-rv6GanQw/6e6af50d-94e1-4a85-f162-171c93bc6100/public
Ruin,ruin,Image of ruin,ruin.png,https://imagedelivery.net/CSGzrEc723GAS-rv6GanQw/ba9e0966-add2-4d2a-6b80-9d949b588500/public
Jael,jael,Image of jael,jael.png,https://imagedelivery.net/CSGzrEc723GAS-rv6GanQw/74f309f7-2afe-4e6b-4f15-ead2319bc000/public
Elkanah,,,,
Holy Spirit,holy_spirit,Image of holy_spirit,holy_spirit.png,https://imagedelivery.net/CSGzrEc723GAS-rv6GanQw/5f746615-7725-43b4-2e17-e1be33b93a00/public
Antipas,antipas,Image of antipas,antipas.png,https://imagedelivery.net/CSGzrEc723GAS-rv6GanQw/86cb4eb2-a774-4383-9bd6-4461294b3f00/public
Red Horse,red_horse,Image of red_horse,red_horse.png,https://imagedelivery.net/CSGzrEc723GAS-rv6GanQw/313e96a6-dd60-4b77-d81e-9dbf84748200/public
First Seal,first_seal,Image of first_seal,first_seal.png,https://imagedelivery.net/CSGzrEc723GAS-rv6GanQw/85996596-46e0-43a1-7d32-5dd28c8e7000/public
Faithful Witness,faithful_witness,Image of faithful_witness,faithful_witness.png,https://imagedelivery.net/CSGzrEc723GAS-rv6GanQw/b2877c8d-e814-42ab-fba3-45a2433dc300/public
Babylon the Great,babylon_the_great,Image of babylon_the_great,babylon_the_great.png,https://imagedelivery.net/CSGzrEc723GAS-rv6GanQw/90d81c39-c5e1-4649-fae4-c72469a2ba00/public
First,first,Image of first,first.png,https://imagedelivery.net/CSGzrEc723GAS-rv6GanQw/a96d8061-bdf3-4aa3-c210-deb585102000/public
